location,stringency_index,population_density,median_age,aged_65_and_older,aged_70_and_older,gdp_per_capita,extreme_poverty,cardiovascular_death_rate,diabetes_prevalence,handwashing_facilities,hospital_beds_per_thousand,life_expectancy,human_development_index
Afghanistan,41.88669354838743,54.42199999999983,18.600000000000115,2.5810000000000115,1.3369999999999924,1803.9869999999985,,597.0290000000028,9.590000000000044,37.7459999999997,0.5,64.83000000000054,0.5109999999999975
Africa,,,,,,,,,,,,,
Albania,63.921617250673634,104.87099999999937,38.0,13.188000000000079,8.643000000000022,11803.43099999995,1.1000000000000065,304.1950000000029,10.079999999999952,,2.889999999999996,78.56999999999975,0.7949999999999977
Algeria,70.94264150943422,17.34799999999996,29.100000000000207,6.210999999999982,3.856999999999986,13913.838999999984,0.5,278.3640000000011,6.7300000000000155,83.74100000000088,1.8999999999999868,76.88000000000024,0.7479999999999957
Andorra,47.45706849315084,163.75499999999894,,,,,,109.13499999999983,7.969999999999953,,,83.72999999999962,0.8679999999999962
Angola,71.22596590909109,23.890000000000114,16.800000000000107,2.404999999999981,1.362000000000009,5819.495000000053,,276.0449999999986,3.940000000000034,26.66400000000003,,61.15000000000017,0.5809999999999971
Anguilla,,,,,,,,,,,,81.88000000000005,
Antigua and Barbuda,,231.84500000000088,32.100000000000215,6.932999999999994,4.631000000000021,21490.942999999974,,191.510999999999,13.170000000000053,,3.7999999999999745,77.02000000000037,0.7779999999999991
Argentina,72.45465277777718,16.176999999999897,31.89999999999976,11.198000000000011,7.44099999999994,18933.90699999985,0.5999999999999964,191.03200000000086,5.5,,5.0,76.66999999999913,0.8450000000000075
Armenia,,102.93099999999981,35.7000000000002,11.231999999999978,7.570999999999952,8787.580000000045,1.7999999999999952,341.0099999999978,7.109999999999995,94.04300000000043,4.200000000000028,75.09000000000013,0.7760000000000054
Asia,,,,,,,,,,,,,
Australia,59.19571078431369,3.2019999999999986,37.89999999999975,15.503999999999923,10.128999999999932,44648.710000000465,0.5,107.79099999999963,5.069999999999982,,3.839999999999978,83.43999999999956,0.9440000000000024
Austria,59.061587301587345,106.74900000000052,44.39999999999979,19.20200000000016,13.747999999999942,45436.686000000314,0.6999999999999951,145.18299999999928,6.349999999999954,,7.369999999999933,81.54000000000063,0.9220000000000049
Azerbaijan,77.65913978494599,119.30900000000058,32.39999999999978,6.018000000000019,3.8710000000000186,15847.419000000007,,559.8120000000035,7.109999999999995,83.24100000000085,4.7000000000000295,73.0,0.7559999999999975
Bahamas,76.60586592178753,39.49699999999981,34.29999999999984,8.99600000000006,5.200000000000031,27717.846999999907,,235.95399999999898,13.170000000000053,,2.899999999999986,73.91999999999936,0.8139999999999982
Bahrain,61.77968421052675,1935.9070000000058,32.39999999999978,2.3719999999999875,1.3869999999999985,43290.70500000007,,151.68899999999897,16.52000000000014,,2.0,77.29000000000063,0.8519999999999968
Bangladesh,78.2384677419357,1265.0360000000067,27.5,5.0979999999999706,3.2619999999999676,3523.9840000000086,14.800000000000102,298.002999999998,8.380000000000072,34.808000000000334,0.8000000000000056,72.59000000000013,0.6320000000000034
Barbados,56.77745762711833,664.4629999999963,39.79999999999976,14.95200000000014,9.472999999999965,16978.067999999974,,170.0500000000011,13.570000000000013,88.46900000000025,5.799999999999971,79.18999999999954,0.8139999999999981
Belarus,18.60438502673796,46.858000000000146,40.299999999999734,14.79899999999998,9.78800000000001,17167.967000000106,,443.12899999999763,5.180000000000018,,11.0,74.79000000000062,0.8229999999999981
Belgium,56.92878787878755,375.56400000000053,41.79999999999969,18.570999999999927,12.849000000000085,42658.575999999804,0.20000000000000148,114.89800000000056,4.289999999999977,,5.640000000000028,81.63000000000032,0.930999999999998
Belize,72.02931547619069,16.42600000000008,25.0,3.8530000000000006,2.278999999999997,7824.362000000028,,176.9570000000007,17.10999999999992,90.08299999999947,1.3000000000000076,74.61999999999983,0.7160000000000027
Benin,43.3019887955181,99.1100000000004,18.800000000000118,3.2440000000000078,1.942000000000005,2064.236000000002,49.60000000000011,235.8479999999992,0.990000000000005,11.034999999999949,0.5,61.770000000000344,0.5449999999999966
Bermuda,51.36433962264147,1308.8200000000002,,,,50669.31499999996,,139.5469999999998,13.0,,,82.59000000000006,
Bhutan,73.03678670360088,21.188000000000088,28.600000000000197,4.884999999999992,2.97699999999999,8708.597000000038,1.5,217.06600000000054,9.75,79.80700000000046,1.700000000000002,71.77999999999973,0.6539999999999978
Bolivia,72.56369444444428,10.202000000000101,25.399999999999824,6.703999999999999,4.393000000000016,6885.828999999956,7.099999999999952,204.29899999999938,6.890000000000012,25.38299999999986,1.1000000000000059,71.50999999999952,0.7179999999999965
Bosnia and Herzegovina,54.95069060773487,68.49599999999948,42.5,16.569000000000116,10.710999999999903,11713.895,0.2000000000000014,329.6349999999979,10.079999999999952,97.16400000000017,3.5,77.40000000000049,0.7799999999999978
Botswana,60.46688427299698,4.0440000000000165,25.800000000000054,3.9410000000000145,2.2419999999999916,15807.373999999909,,237.37200000000163,4.809999999999963,,1.7999999999999985,69.59000000000013,0.7350000000000065
Brazil,67.4780758807586,25.04000000000009,33.5,8.552000000000024,5.0599999999999605,14103.451999999941,3.4000000000000057,177.9610000000011,8.110000000000014,,2.2000000000000126,75.88000000000024,0.7649999999999927
Brunei,42.21008287292833,81.34700000000062,32.399999999999785,4.590999999999963,2.381999999999981,71809.25099999947,,201.28500000000187,12.789999999999969,,2.700000000000018,75.86000000000037,0.838
Bulgaria,49.259287671232975,65.18000000000023,44.7000000000003,20.801000000000155,13.271999999999954,18563.307000000026,1.5,424.6879999999972,5.809999999999959,,7.454000000000019,75.04999999999953,0.8159999999999981
Burkina Faso,39.81759103641438,70.15100000000052,17.600000000000094,2.4089999999999936,1.3580000000000034,1703.102000000001,43.70000000000029,269.0479999999991,2.4199999999999857,11.876999999999988,0.40000000000000274,61.580000000000425,0.45199999999999874
Burundi,14.756111111111112,423.0620000000027,17.5,2.56200000000001,1.504000000000008,702.225000000004,71.70000000000044,293.06799999999936,6.049999999999972,6.143999999999997,0.8000000000000052,61.58000000000035,0.4330000000000019
Cambodia,42.22437346437351,90.67199999999931,25.600000000000193,4.412000000000022,2.3849999999999927,3645.070000000004,,270.89200000000284,4.0,66.22899999999959,0.800000000000006,69.81999999999977,0.5939999999999959
Cameroon,47.62951086956524,50.884999999999955,18.800000000000118,3.164999999999983,1.9189999999999907,3364.925999999983,23.800000000000068,244.660999999998,7.199999999999982,2.735000000000012,1.3000000000000078,59.29000000000053,0.5629999999999965
Canada,61.03816176470579,4.037000000000021,41.39999999999981,16.984000000000123,10.79699999999999,44017.59099999988,0.5,105.5989999999999,7.36999999999993,,2.5,82.43000000000023,0.9289999999999925
Cape Verde,69.95294617563728,135.58000000000112,25.69999999999996,4.460000000000021,3.4369999999999914,6222.554000000003,,182.2189999999988,2.4199999999999866,,2.1000000000000134,72.97999999999963,0.6649999999999978
Cayman Islands,,256.4959999999996,,,,49903.02900000006,,,13.220000000000018,,,83.92000000000004,
Central African Republic,44.28667597765365,7.478999999999978,18.300000000000118,3.6549999999999785,2.250999999999985,661.239999999997,,435.72700000000157,6.09999999999996,16.60300000000005,1.0,53.28000000000007,0.397000000000001
Chad,64.9174366197181,11.833000000000046,16.699999999999893,2.4859999999999918,1.4460000000000124,1768.1530000000034,38.399999999999764,280.99499999999915,6.09999999999996,5.817999999999989,,54.24000000000008,0.3979999999999985
Chile,74.31973684210479,24.282000000000004,35.399999999999764,11.087000000000005,6.938000000000059,22767.036999999804,1.300000000000008,127.99300000000035,8.46000000000003,,2.1100000000000114,80.18000000000025,0.8509999999999992
China,72.64592233009715,147.67399999999944,38.700000000000294,10.641000000000021,5.929000000000042,15308.712000000054,0.6999999999999945,261.89900000000137,9.739999999999897,,4.3399999999999705,76.90999999999987,0.7610000000000021
Colombia,76.11972752043613,44.22299999999996,32.20000000000014,7.646000000000029,4.31199999999997,13254.94900000002,4.5,124.23999999999991,7.440000000000044,65.38599999999975,1.7099999999999997,77.29000000000062,0.7669999999999971
Comoros,,437.3519999999998,20.399999999999906,2.9629999999999894,1.7259999999999995,1413.8900000000096,18.100000000000055,261.51600000000184,11.880000000000077,15.573999999999975,2.200000000000006,64.31999999999978,0.5540000000000015
Congo,60.526239554317655,15.404999999999998,19.0,3.402000000000021,2.062999999999991,4881.405999999974,37.0,344.0939999999981,7.199999999999987,47.96399999999995,,64.56999999999977,0.574000000000004
Costa Rica,64.17317934782618,96.07900000000046,33.60000000000022,9.467999999999954,5.693999999999971,15524.99500000009,1.3000000000000078,137.9729999999999,8.780000000000058,83.84100000000029,1.1299999999999963,80.27999999999965,0.8100000000000019
Cote d'Ivoire,42.426942148760446,76.39900000000038,18.699999999999882,2.9329999999999945,1.5819999999999945,3601.0060000000294,28.200000000000045,303.74000000000177,2.4199999999999857,19.350999999999903,,57.779999999999966,0.5380000000000023
Croatia,48.68899204244054,73.72599999999962,44.0,19.72400000000011,13.052999999999955,22669.797000000082,0.6999999999999951,253.78200000000166,5.5899999999999705,,5.539999999999975,78.49000000000062,0.8509999999999992
Cuba,74.0227272727275,110.40800000000027,43.10000000000025,14.738000000000019,9.719000000000042,,,190.96800000000025,8.269999999999984,85.19800000000026,5.200000000000031,78.79999999999953,0.7829999999999963
Cyprus,67.83543956043948,127.6569999999994,37.299999999999784,13.416000000000091,8.563000000000065,32415.1319999999,,141.17100000000033,9.239999999999919,,3.400000000000003,80.97999999999963,0.8870000000000003
Czechia,54.9186170212765,137.1759999999996,43.299999999999706,19.02700000000004,11.579999999999949,32605.90599999997,,227.4850000000005,6.820000000000017,,6.630000000000062,79.38000000000027,0.8999999999999974
Democratic Republic of Congo,51.45283707865156,35.879000000000254,17.0,3.0199999999999876,1.7450000000000039,808.1329999999982,77.09999999999954,318.9489999999973,6.099999999999959,4.4719999999999835,,60.68000000000022,0.47999999999999815
Denmark,52.31334170854256,136.51999999999893,42.299999999999685,19.676999999999868,12.324999999999907,46682.51500000026,0.2000000000000015,114.76699999999984,6.4099999999999975,,2.5,80.9000000000006,0.9399999999999981
Djibouti,54.36641833810873,41.28499999999988,25.399999999999828,4.2129999999999805,2.379999999999996,2705.4059999999845,22.5,258.03699999999793,6.04999999999998,,1.3999999999999908,67.11000000000033,0.5240000000000008
Dominica,44.28607954545458,98.56699999999952,,,,9673.367000000057,,227.3759999999994,11.61999999999992,,3.799999999999975,75.0,0.7419999999999964
Dominican Republic,74.69573726541569,222.8730000000012,27.600000000000193,6.981000000000045,4.41900000000003,14600.86099999992,1.6000000000000112,266.6530000000012,8.19999999999996,55.18200000000036,1.6000000000000112,74.08000000000068,0.7559999999999975
Ecuador,69.62313672922215,66.93899999999961,28.1000000000002,7.1039999999999806,4.458000000000028,10581.936000000096,3.5999999999999903,140.44799999999893,5.5499999999999705,80.63499999999937,1.5,77.00999999999941,0.7589999999999953
Egypt,61.041832460732984,97.99900000000035,25.29999999999998,5.159000000000049,2.890999999999994,10550.205999999891,1.300000000000008,525.4320000000006,17.31000000000013,89.82700000000023,1.6000000000000116,71.99000000000056,0.7069999999999952
El Salvador,70.82938028168999,307.81100000000123,27.600000000000186,8.273000000000017,5.416999999999965,7292.458000000056,2.200000000000011,167.29499999999874,8.869999999999928,90.65000000000059,1.3000000000000078,73.31999999999977,0.6730000000000014
Equatorial Guinea,,45.19399999999985,22.399999999999853,2.846000000000003,1.7519999999999964,22604.872999999865,,202.81200000000007,7.780000000000037,24.64000000000009,2.1000000000000134,58.74000000000022,0.5920000000000046
Eritrea,86.910311614731,44.30400000000008,19.300000000000118,3.606999999999988,2.171000000000013,1510.4589999999887,,311.1100000000005,6.0499999999999785,,0.6999999999999955,66.31999999999977,0.45900000000000246
Estonia,39.65694960212196,31.03299999999993,42.700000000000294,19.45200000000016,13.490999999999987,29481.252000000186,0.5,255.56900000000195,4.019999999999985,,4.690000000000039,78.74000000000062,0.8919999999999969
Eswatini,69.65041666666659,79.4919999999994,21.5,3.163000000000009,1.8450000000000162,7738.975000000052,,333.4360000000013,3.9400000000000346,24.096999999999912,2.1000000000000134,60.189999999999806,0.6109999999999967
Ethiopia,64.79354570637095,104.95699999999977,19.800000000000118,3.5259999999999976,2.062999999999991,1729.9270000000135,26.700000000000006,182.63399999999874,7.469999999999969,7.9600000000000275,0.29999999999999816,66.59999999999971,0.4850000000000034
Europe,,,,,,,,,,,,,
European Union,,,,,,,,,,,,,
Faeroe Islands,44.730769230769226,35.308,,,,,,,,,,80.67000000000004,
Falkland Islands,,,,,,,,,,,,81.44000000000003,
Fiji,53.127797029702506,49.562000000000246,28.60000000000021,6.224000000000011,3.2840000000000193,8702.97500000006,1.3999999999999893,412.82000000000414,14.48999999999986,,2.299999999999984,67.43999999999957,0.7429999999999962
Finland,42.54952736318392,18.136000000000173,42.79999999999968,21.228000000000005,13.26400000000006,40585.72100000037,,153.50699999999927,5.76000000000002,,3.2799999999999785,81.90999999999994,0.9379999999999928
France,59.383463414634114,122.57800000000086,42.0,19.717999999999893,13.078999999999988,38605.67100000008,,86.06000000000036,4.769999999999985,,5.980000000000016,82.66000000000001,0.9010000000000065
Gabon,68.049138888889,7.8589999999999565,23.100000000000154,4.450000000000029,2.976000000000005,16562.41299999996,3.4000000000000017,259.9670000000003,7.199999999999987,,6.29999999999999,66.47000000000018,0.7030000000000025
Gambia,61.04697142857125,207.5660000000001,17.5,2.339000000000021,1.4169999999999874,1561.766999999995,10.09999999999994,331.429999999997,1.9100000000000001,7.876000000000041,1.1000000000000054,62.049999999999585,0.49600000000000116
Georgia,70.53316489361707,65.03199999999953,38.70000000000025,14.863999999999905,10.244000000000051,9745.078999999942,4.200000000000028,496.21799999999604,7.109999999999997,,2.6000000000000156,73.77000000000037,0.8120000000000062
Germany,60.21770935960619,237.01600000000204,46.600000000000016,21.453000000000156,15.957000000000104,45229.24499999977,,156.13900000000112,8.309999999999954,,8.0,81.33000000000085,0.9470000000000024
Ghana,49.34324022346357,126.71899999999944,21.100000000000136,3.3849999999999922,1.9479999999999875,4227.629999999968,12.0,298.24499999999887,4.970000000000023,41.047000000000104,0.8999999999999984,64.06999999999977,0.6109999999999967
Gibraltar,,3457.1000000000035,,,,,,,,,,79.92999999999998,
Greece,65.21508021390368,83.47899999999954,45.29999999999968,20.395999999999912,14.52400000000003,24574.382000000063,1.5,175.6949999999999,4.5499999999999705,,4.210000000000021,82.24000000000066,0.8879999999999971
Greenland,40.304705882352934,0.13699999999999993,,,,,,199.9409999999999,2.1599999999999984,,,71.69999999999999,
Grenada,,317.1319999999986,29.399999999999807,7.304000000000045,5.0209999999999715,13593.876999999999,,243.9640000000017,10.71000000000003,,3.700000000000024,72.40000000000036,0.7789999999999977
Guatemala,69.35358839050167,157.834000000001,22.89999999999983,4.693999999999973,3.015999999999997,7423.808000000033,8.699999999999948,155.89800000000068,10.179999999999932,76.66500000000062,0.5999999999999961,74.29999999999951,0.6630000000000041
Guernsey,,,,,,,,,,,,,
Guinea,58.890803324099664,51.754999999999825,19.0,3.1349999999999922,1.732999999999993,1998.9259999999877,35.29999999999982,336.71700000000124,2.419999999999986,17.44999999999989,0.29999999999999816,61.599999999999795,0.4770000000000018
Guinea-Bissau,,66.19099999999987,19.399999999999892,3.0019999999999794,1.5650000000000017,1548.6749999999938,67.09999999999974,382.47400000000096,2.419999999999987,6.402999999999997,,58.31999999999978,0.47999999999999854
Guyana,71.64371191135739,3.9519999999999986,26.300000000000008,5.305000000000018,2.836999999999991,7435.046999999966,,373.1590000000002,11.619999999999918,77.15899999999972,1.600000000000011,69.90999999999987,0.6819999999999949
Haiti,52.54487031700286,398.4480000000014,24.300000000000086,4.7999999999999705,2.953999999999977,1653.173000000001,23.5,430.54799999999983,6.650000000000045,22.863000000000106,0.6999999999999955,64.0,0.5099999999999989
Honduras,87.79649171270684,82.80500000000023,24.89999999999983,4.652000000000028,2.883000000000016,4541.794999999985,16.0,240.207999999999,7.210000000000027,84.16900000000074,0.6999999999999953,75.27000000000037,0.6339999999999939
Hong Kong,59.85174418604651,7039.713999999998,44.800000000000075,16.303000000000033,10.158000000000008,56054.91999999995,,,8.330000000000009,,,84.85999999999987,0.9489999999999992
Hungary,60.69432506887058,108.04300000000012,43.39999999999974,18.577000000000158,11.976000000000049,26777.56100000005,0.5,278.2960000000012,7.550000000000026,,7.0199999999999845,76.88000000000022,0.8540000000000023
Iceland,44.55680851063851,3.403999999999997,37.29999999999977,14.430999999999921,9.206999999999981,46482.958000000224,0.20000000000000143,117.99199999999902,5.30999999999996,,2.909999999999996,82.99000000000066,0.9490000000000075
India,68.14923267326718,450.41899999999686,28.200000000000113,5.989000000000023,3.413999999999989,6426.674000000068,21.19999999999991,282.27999999999906,10.389999999999969,59.54999999999957,0.530000000000001,69.65999999999987,0.6450000000000039
Indonesia,62.09058981233201,145.72499999999906,29.29999999999991,5.318999999999972,3.0530000000000093,11188.743999999955,5.700000000000023,342.86400000000117,6.320000000000003,64.20400000000035,1.0400000000000054,71.72000000000028,0.7179999999999971
International,,,,,,,,,,,,,
Iran,59.442421874999944,49.83099999999984,32.39999999999978,5.44000000000004,3.1820000000000115,19082.620000000094,0.20000000000000145,270.308000000001,9.590000000000046,,1.5,76.68000000000023,0.7829999999999974
Iraq,72.0845205479452,88.125,20.0,3.1859999999999995,1.9569999999999943,15663.98599999989,2.5,218.61199999999917,8.829999999999954,94.5760000000003,1.3999999999999901,70.59999999999958,0.6740000000000047
Ireland,70.19402666666636,69.87399999999981,38.70000000000025,13.927999999999951,8.677999999999992,67335.2930000003,0.2000000000000014,126.45900000000053,3.279999999999979,,2.960000000000015,82.2999999999995,0.9549999999999994
Isle of Man,,147.8720000000001,,,,,,,,,,81.40000000000006,
Israel,67.66310704960843,402.6059999999998,30.60000000000021,11.733000000000077,7.3589999999999565,33132.320000000174,0.5,93.31999999999977,6.73999999999996,,2.9900000000000078,82.97000000000041,0.9189999999999985
Italy,66.43962779156327,205.85899999999813,47.900000000000006,23.020999999999994,16.239999999999853,35220.08400000021,2.0,113.15099999999998,4.779999999999976,,3.1799999999999953,83.50999999999938,0.8919999999999969
Jamaica,73.44491666666644,266.87900000000076,31.39999999999979,9.68400000000007,6.390000000000024,8193.570999999998,,206.5369999999982,11.280000000000086,66.42499999999956,1.7000000000000013,74.47000000000028,0.7340000000000024
Japan,36.803985330073466,347.77800000000127,48.20000000000038,27.049000000000223,18.493000000000162,39002.22299999975,,79.36999999999968,5.7199999999999935,,13.0500000000001,84.63000000000014,0.9189999999999974
Jersey,,,,,,,,,,,,,
Jordan,68.6534770889488,109.28500000000058,23.199999999999918,3.8099999999999663,2.3609999999999918,8337.490000000067,0.1000000000000007,208.25699999999895,11.75,,1.3999999999999904,74.52999999999969,0.7290000000000051
Kazakhstan,76.4769832402234,6.68100000000003,30.600000000000204,6.990999999999988,4.625,24055.588000000196,0.10000000000000067,466.7919999999978,7.1099999999999905,98.99900000000015,6.699999999999998,73.5999999999996,0.8249999999999944
Kenya,70.25763586956505,87.32400000000035,20.0,2.686000000000013,1.5280000000000096,2993.028000000017,36.79999999999979,218.63700000000125,2.9199999999999866,24.650999999999883,1.3999999999999906,66.70000000000044,0.6009999999999992
Kosovo,71.0003089887639,168.15499999999923,,,,9795.83399999993,0.5999999999999963,,,,,,
Kuwait,71.55938172043012,232.12799999999828,33.70000000000018,2.3450000000000193,1.113999999999992,65530.537000000244,,132.23500000000047,15.840000000000083,,2.0,75.49000000000058,0.8060000000000013
Kyrgyzstan,65.29754929577456,32.33300000000005,26.30000000000002,4.4890000000000185,2.8819999999999766,3393.474000000006,1.3999999999999908,436.3619999999966,7.109999999999989,89.22000000000043,4.5,71.45000000000046,0.6970000000000023
Laos,40.107999999999926,29.71500000000011,24.399999999999842,4.028999999999997,2.3220000000000023,6397.360000000033,22.69999999999987,368.11100000000164,4.0,49.83899999999995,1.5,67.91999999999949,0.6129999999999997
Latvia,51.123783068783126,31.212000000000007,43.89999999999977,19.75399999999992,14.13600000000008,25063.846000000027,0.6999999999999951,350.0599999999984,4.910000000000031,,5.569999999999985,75.29000000000062,0.8660000000000021
Lebanon,71.15112565445052,594.5609999999951,31.100000000000218,8.514000000000015,5.4300000000000175,13367.565000000037,,266.5910000000003,12.710000000000031,,2.899999999999993,78.93000000000025,0.7440000000000028
Lesotho,60.3818430034129,73.56200000000038,22.199999999999886,4.506000000000005,2.6470000000000136,2851.1530000000157,59.6000000000001,405.1260000000009,3.9400000000000306,2.116999999999998,,54.32999999999994,0.5269999999999981
Liberia,62.51507122507122,49.127000000000294,19.199999999999882,3.0570000000000115,1.7559999999999831,752.7880000000004,38.600000000000236,272.5090000000009,2.419999999999986,1.1879999999999922,0.8000000000000054,64.09999999999975,0.4799999999999983
Libya,84.33480337078656,3.6230000000000264,29.0,4.423999999999983,2.8160000000000096,17881.50899999989,,341.8619999999973,10.429999999999934,,3.7000000000000255,72.90999999999987,0.7239999999999951
Liechtenstein,,237.01200000000134,,,,,,,7.7699999999999845,,2.397000000000017,82.49000000000065,0.918999999999999
Lithuania,53.23430481283421,45.13500000000012,43.5,19.00200000000015,13.777999999999977,29524.26500000004,0.6999999999999951,342.98900000000117,3.6700000000000057,,6.559999999999958,75.93000000000023,0.8820000000000038
Luxembourg,52.59094086021502,231.4470000000001,39.700000000000266,14.31199999999992,9.842000000000068,94277.96500000011,0.20000000000000143,128.2750000000009,4.420000000000018,,4.509999999999992,82.25,0.9159999999999973
Macao,23.150000000000002,20546.766,39.199999999999996,9.798,4.9910000000000005,104861.85100000001,,,,,,84.24,
Madagascar,56.26502824858784,43.95099999999959,19.600000000000115,2.9289999999999825,1.6859999999999984,1416.440000000002,77.59999999999955,405.99400000000287,3.940000000000034,50.540000000000454,0.20000000000000132,67.04000000000056,0.527999999999999
Malawi,54.825581395348635,197.5190000000002,18.100000000000083,2.9790000000000187,1.7830000000000066,1095.0420000000008,71.40000000000032,227.34900000000084,3.9400000000000337,8.704000000000034,1.3000000000000076,64.2599999999997,0.48300000000000204
Malaysia,60.31945273631861,96.25400000000062,29.89999999999978,6.292999999999985,3.4069999999999916,26808.164000000128,0.10000000000000077,260.94199999999887,16.73999999999985,,1.8999999999999861,76.15999999999987,0.810000000000002
Maldives,,1454.4330000000064,30.600000000000204,4.119999999999967,2.875,15183.616000000056,,164.90499999999923,9.190000000000046,95.8029999999999,,78.91999999999928,0.7400000000000037
Mali,49.67306590257864,15.195999999999934,16.399999999999938,2.519000000000005,1.4859999999999929,2014.3059999999905,,268.02400000000085,2.419999999999987,52.23199999999998,0.10000000000000066,59.31000000000015,0.43399999999999817
Malta,50.91926952141048,1454.037000000008,42.39999999999979,19.42600000000016,11.324000000000007,36513.32300000028,0.20000000000000148,168.7110000000011,8.829999999999954,,4.484999999999964,82.52999999999956,0.894999999999998
Marshall Islands,,295.1500000000008,,,,3819.2019999999934,,557.7929999999999,30.530000000000086,82.50200000000025,2.6999999999999935,73.70000000000002,0.7039999999999982
Mauritania,47.051813031161444,4.288999999999988,20.30000000000012,3.138000000000003,1.7919999999999965,3597.6329999999903,6.0,232.34699999999964,2.419999999999986,15.949999999999893,,64.91999999999952,0.5459999999999992
Mauritius,33.09457865168542,622.9619999999996,37.39999999999977,10.945000000000068,5.884000000000011,20292.745000000094,0.5,224.6440000000002,22.0200000000002,,3.400000000000001,74.9900000000005,0.8039999999999986
Mexico,59.104295774647625,66.4439999999997,29.29999999999982,6.856999999999978,4.32099999999997,17336.46899999983,2.5,152.78300000000127,13.060000000000079,87.84700000000082,1.3799999999999963,75.04999999999949,0.7789999999999974
Micronesia (country),,150.77700000000002,23.0,4.810000000000001,2.391999999999999,3299.464000000004,16.0,454.34300000000036,12.01999999999999,,,67.88000000000007,0.6200000000000002
Moldova,62.39638356164371,123.65499999999938,37.600000000000236,10.864000000000027,6.9549999999999645,5189.972000000018,0.20000000000000137,408.5019999999982,5.7200000000000175,86.97899999999954,5.799999999999977,71.9000000000004,0.75
Monaco,62.87419618528574,19347.5,,,,,,,5.460000000000024,,13.800000000000097,86.75,
Mongolia,64.61913165266107,1.9800000000000102,28.600000000000193,4.030999999999969,2.4210000000000176,11840.84599999993,0.5,460.0430000000028,4.819999999999986,71.18000000000023,7.0,69.86999999999986,0.7369999999999975
Montenegro,,46.280000000000264,39.100000000000236,14.761999999999984,9.394999999999984,16409.287999999964,1.0,387.3049999999964,10.079999999999954,,3.8610000000000206,76.8800000000002,0.8290000000000032
Montserrat,,,,,,,,,,,,74.16,
Morocco,67.77650385604096,80.08000000000081,29.600000000000215,6.76899999999995,4.209000000000008,7485.012999999958,1.0,419.1459999999993,7.139999999999996,,1.1000000000000072,76.68000000000023,0.6860000000000036
Mozambique,62.21436260623265,37.7279999999997,17.69999999999989,3.158000000000001,1.8700000000000039,1136.1030000000026,62.900000000000205,329.9419999999986,3.2999999999999785,12.226999999999943,0.6999999999999955,60.84999999999985,0.45599999999999946
Myanmar,77.9120461095103,81.72100000000039,29.100000000000193,5.7319999999999816,3.119999999999998,5591.597000000019,6.400000000000041,202.10399999999996,4.609999999999971,79.2870000000002,0.8999999999999991,67.13000000000007,0.5829999999999985
Namibia,52.47666666666641,3.0779999999999816,22.0,3.5519999999999934,2.0850000000000057,9541.80800000006,13.399999999999999,243.8110000000012,3.9400000000000346,44.60000000000025,,63.70999999999945,0.6459999999999944
Nepal,67.69757946210237,204.42999999999867,25.0,5.809000000000011,3.211999999999991,2442.8040000000033,15.0,260.7970000000018,7.260000000000062,47.781999999999606,0.29999999999999805,70.77999999999965,0.6020000000000025
Netherlands,61.122898936170394,508.5439999999967,43.2000000000003,18.77900000000019,11.88099999999998,48472.5450000001,,109.36099999999983,5.289999999999975,,3.3200000000000056,82.2799999999996,0.9440000000000013
New Zealand,37.97939393939374,18.206000000000078,37.899999999999764,15.322000000000056,9.719999999999924,36085.843000000226,,128.79699999999917,8.079999999999957,,2.610000000000012,82.29000000000063,0.930999999999999
Nicaragua,13.853352112676017,51.66699999999997,27.29999999999999,5.444999999999982,3.519000000000005,5321.443999999962,3.2000000000000215,137.01600000000084,11.469999999999912,,0.8999999999999986,74.47999999999963,0.659999999999997
Niger,30.424039548022638,16.95499999999994,15.100000000000037,2.5529999999999977,1.3779999999999897,926.0,44.5,238.33900000000162,2.4199999999999866,8.978000000000037,0.29999999999999816,62.41999999999959,0.3940000000000024
Nigeria,62.3112266666671,209.58800000000187,18.100000000000104,2.750999999999983,1.4470000000000025,5338.453999999967,,181.0129999999996,2.419999999999985,41.94900000000016,,54.689999999999856,0.538999999999996
North America,,,,,,,,,,,,,
North Macedonia,,82.59999999999944,39.10000000000024,13.260000000000124,8.159999999999975,13111.214000000002,5.0,322.6879999999978,10.079999999999952,,4.279999999999977,75.79999999999953,0.7740000000000008
Northern Cyprus,,,,,,,,,,,,,
Norway,51.38766578249344,14.462000000000108,39.700000000000266,16.82099999999993,10.813000000000073,64800.05700000002,0.20000000000000143,114.31599999999943,5.30999999999996,,3.599999999999989,82.40000000000057,0.956999999999995
Oceania,,,,,,,,,,,,,
Oman,66.83013227513237,14.979999999999889,30.70000000000013,2.3550000000000115,1.5299999999999851,37960.70900000023,,266.3420000000006,12.609999999999987,97.40000000000069,1.6000000000000114,77.86000000000038,0.8129999999999938
Pakistan,62.11055408970949,255.57300000000023,23.5,4.494999999999958,2.77999999999998,5034.70800000004,4.0,423.0309999999994,8.349999999999945,59.60699999999998,0.5999999999999962,67.27000000000037,0.556999999999996
Palestine,78.29121951219521,778.2019999999956,20.399999999999867,3.042999999999995,1.7259999999999993,4449.898000000027,1.0,265.9100000000023,10.590000000000051,,,74.04999999999953,0.7079999999999993
Panama,76.64515068493156,55.13300000000018,29.700000000000085,7.918,5.029999999999977,22267.036999999786,2.2000000000000117,128.34599999999966,8.329999999999957,,2.299999999999987,78.50999999999941,0.8149999999999981
Papua New Guinea,52.724617563739194,18.220000000000038,22.600000000000147,3.807999999999994,2.142000000000015,3823.1939999999868,,561.4940000000038,17.649999999999913,,,64.5,0.5550000000000045
Paraguay,72.03027472527482,17.144000000000013,26.5,6.377999999999997,3.8330000000000166,8827.009999999926,1.7000000000000017,199.1279999999985,8.269999999999984,79.60199999999972,1.3000000000000078,74.25,0.7280000000000034
Peru,80.13445652173924,25.12900000000003,29.1000000000002,7.150999999999983,4.454999999999984,12236.705999999913,3.5,85.75500000000031,5.950000000000017,,1.600000000000011,76.74000000000056,0.7769999999999931
Philippines,70.352962962963,351.8730000000024,25.200000000000042,4.8030000000000515,2.6609999999999774,7599.18800000005,,370.4370000000028,7.070000000000032,78.46299999999978,1.0,71.22999999999962,0.7179999999999986
Poland,59.084846796657224,124.02699999999993,41.79999999999972,16.762999999999938,10.202000000000103,27216.44500000014,,227.3310000000003,5.910000000000023,,6.619999999999939,78.72999999999963,0.8799999999999967
Portugal,67.37095238095239,112.37099999999936,46.20000000000032,21.502000000000184,14.92399999999998,27936.89599999986,0.5,127.84199999999926,9.84999999999994,,3.390000000000011,82.0499999999995,0.863999999999997
Qatar,69.34058171745174,227.3220000000001,31.899999999999782,1.307000000000005,0.6169999999999966,116935.60000000082,,176.6900000000009,16.520000000000138,,1.1999999999999924,80.22999999999963,0.8480000000000076
Romania,61.33904509283805,85.12900000000059,43.0,17.850000000000104,11.690000000000012,23313.19899999997,5.700000000000021,370.94599999999883,9.739999999999908,,6.891999999999992,76.04999999999953,0.8279999999999973
Russia,54.061389578163656,8.822999999999965,39.60000000000025,14.177999999999944,9.393000000000022,24765.953999999925,0.10000000000000075,431.29699999999974,6.179999999999986,,8.050000000000047,72.58000000000074,0.8240000000000071
Rwanda,71.18924157303377,494.8690000000035,20.30000000000012,2.974000000000015,1.6420000000000043,1854.211000000008,56.0,191.375,4.279999999999978,4.616999999999976,,69.02000000000035,0.543000000000004
Saint Helena,,,,,,,,,,,,80.56,
Saint Kitts and Nevis,,212.86500000000007,,,,24654.384999999835,,,12.840000000000062,,2.2999999999999887,76.22999999999963,0.7789999999999977
Saint Lucia,,293.1870000000017,34.89999999999978,9.721000000000002,6.405000000000003,12951.839000000018,,204.6200000000005,11.61999999999992,87.20200000000041,1.3000000000000078,76.20000000000047,0.7589999999999946
Saint Vincent and the Grenadines,,281.7869999999978,31.79999999999988,7.724000000000026,4.832000000000042,10727.146000000064,,252.67500000000166,11.61999999999992,,2.6000000000000156,72.52999999999975,0.7379999999999997
Samoa,,69.41299999999978,22.0,5.605999999999995,3.564000000000004,6021.556999999996,,348.9769999999995,9.210000000000015,,,73.31999999999988,0.7150000000000021
San Marino,51.87928176795567,556.6669999999957,,,,56861.46999999997,,,5.640000000000038,,3.7999999999999736,84.97000000000043,
Sao Tome and Principe,,212.8410000000003,18.69999999999989,2.88599999999999,2.1620000000000044,3052.7140000000136,32.29999999999991,270.11299999999864,2.419999999999988,41.34000000000012,2.8999999999999844,70.38999999999966,0.625
Saudi Arabia,63.68414565826319,15.322000000000056,31.899999999999782,3.2949999999999973,1.8450000000000166,49045.411000000066,,259.5380000000004,17.72000000000004,,2.7000000000000184,75.13000000000022,0.8540000000000022
Senegal,47.68805333333315,82.32800000000056,18.699999999999882,3.0080000000000178,1.796000000000008,2470.5799999999845,38.0,241.2189999999984,2.419999999999985,20.859000000000155,,67.93999999999964,0.5120000000000003
Serbia,57.87611702127622,80.29100000000032,41.20000000000028,17.36599999999999,,14048.881000000045,,439.41499999999945,10.079999999999952,97.71899999999994,5.608999999999968,76.0,0.8060000000000013
Seychelles,42.703352272727024,208.3540000000004,36.20000000000019,8.606000000000074,5.586000000000012,26382.286999999866,1.1000000000000056,242.64800000000076,10.550000000000068,,3.5999999999999934,73.4000000000004,0.7959999999999969
Sierra Leone,46.34910714285705,104.70000000000019,19.100000000000097,2.538000000000009,1.2850000000000088,1390.299999999992,52.20000000000034,325.72100000000154,2.4199999999999875,19.2749999999999,,54.70000000000036,0.45199999999999874
Singapore,50.098710462287286,7915.731000000032,42.39999999999985,12.921999999999917,7.048999999999982,85535.38300000058,,92.24299999999981,10.989999999999885,,2.399999999999984,83.61999999999982,0.9379999999999927
Slovakia,57.590299727520474,113.12799999999967,41.20000000000027,15.069999999999974,9.166999999999945,30155.152000000046,0.6999999999999953,287.95900000000165,7.2899999999999725,,5.819999999999988,77.54000000000062,0.860000000000008
Slovenia,54.786733167082396,102.61899999999936,44.5,19.061999999999912,12.930000000000007,31400.839999999884,,153.49300000000073,7.25,,4.5,81.31999999999977,0.9169999999999928
Solomon Islands,36.42918918918919,21.84099999999993,20.800000000000043,3.507000000000002,2.043000000000005,2205.9230000000052,25.09999999999994,459.77999999999923,18.67999999999997,35.89000000000005,1.4000000000000037,73.0,0.5669999999999984
Somalia,37.73075418994395,23.5,16.800000000000107,2.730999999999995,1.495999999999992,,,365.7690000000002,6.049999999999981,9.831000000000031,0.8999999999999985,57.4000000000001,
South Africa,59.268817480719754,46.754000000000424,27.299999999999915,5.344000000000038,3.0530000000000155,12294.876000000082,18.89999999999987,200.37999999999985,5.519999999999985,43.99300000000017,2.3200000000000194,64.13000000000014,0.7090000000000027
South America,,,,,,,,,,,,,
South Korea,52.14961445783123,527.9670000000025,43.39999999999989,13.914000000000003,8.621999999999948,35938.373999999865,0.20000000000000154,85.99799999999965,6.8000000000000265,,12.270000000000072,83.02999999999953,0.9159999999999973
South Sudan,65.2938580246912,,19.199999999999886,3.4410000000000123,2.032000000000005,1569.8879999999915,,280.7749999999989,10.429999999999943,,,57.849999999999966,0.433000000000002
Spain,63.19900497512422,93.10500000000009,45.5,19.435999999999883,13.79899999999998,34272.35999999985,1.0,99.40299999999912,7.17000000000004,,2.970000000000021,83.56000000000049,0.9039999999999974
Sri Lanka,55.664285714285704,341.95500000000067,34.100000000000236,10.068999999999967,5.3309999999999675,11669.076999999987,0.6999999999999946,197.0929999999993,10.67999999999995,,3.5999999999999837,76.97999999999962,0.7819999999999996
Sudan,54.85703601108037,23.257999999999864,19.699999999999882,3.5480000000000014,2.0339999999999936,4466.506999999987,,431.3880000000034,15.670000000000055,23.436999999999912,0.8000000000000055,65.31000000000029,0.5099999999999987
Suriname,72.6705681818181,3.6120000000000076,29.600000000000197,6.932999999999994,4.229000000000026,13767.118999999955,,258.3139999999988,12.539999999999969,67.77899999999977,3.1000000000000063,71.68000000000023,0.7379999999999997
Sweden,55.188482587064335,24.71800000000005,41.0,19.98499999999986,13.432999999999995,46949.28299999985,0.5,133.98200000000142,4.789999999999975,,2.2200000000000193,82.79999999999956,0.9449999999999944
Switzerland,47.4668627450979,214.2430000000012,43.10000000000012,18.43599999999989,12.643999999999963,57410.16600000012,,99.73900000000071,5.589999999999985,,4.529999999999976,83.77999999999952,0.9549999999999981
Syria,62.15842900302087,,21.699999999999875,,2.5769999999999986,,,376.26399999999836,,70.59800000000058,1.5,72.70000000000044,0.5670000000000005
Taiwan,24.497631578947267,,42.20000000000033,,8.353000000000039,,,103.95700000000008,,,,80.45999999999935,
Tajikistan,40.596602564102525,64.28100000000015,23.30000000000012,3.4659999999999997,2.1549999999999834,2896.9129999999755,4.799999999999972,427.6980000000013,7.10999999999997,72.7040000000003,4.799999999999972,71.0999999999998,0.6680000000000041
Tanzania,24.600893854748534,64.69900000000028,17.699999999999886,3.107999999999973,1.8740000000000132,2683.3040000000033,49.10000000000013,217.28800000000038,5.75,47.95299999999993,0.6999999999999954,65.45999999999944,0.5289999999999981
Thailand,47.18755813953479,135.13199999999935,40.100000000000165,11.372999999999966,6.889999999999991,16277.671000000073,0.1000000000000008,109.8609999999995,7.039999999999972,90.669999999999,2.100000000000015,77.15000000000062,0.7769999999999923
Timor,40.26401146131804,87.17599999999966,18.0,3.5560000000000214,1.8970000000000071,6570.101999999968,30.299999999999926,335.34600000000177,6.859999999999983,28.17799999999992,5.9000000000000385,69.5,0.6059999999999965
Togo,53.20842818428198,143.36600000000124,19.399999999999878,2.8390000000000244,1.5249999999999895,1429.8130000000094,49.200000000000344,280.0329999999993,6.150000000000043,10.474999999999937,0.6999999999999952,61.04000000000054,0.5149999999999958
Trinidad and Tobago,71.41586111111145,266.88599999999894,36.20000000000019,10.014000000000028,5.8189999999999715,28763.071000000276,,228.4669999999998,10.969999999999915,89.44299999999953,3.0,73.5099999999995,0.7959999999999969
Tunisia,57.59362162162168,74.22799999999943,32.70000000000015,8.00100000000005,5.07500000000003,10849.296999999906,2.0,318.9909999999983,8.519999999999984,78.6870000000007,2.2999999999999865,76.70000000000049,0.7400000000000038
Turkey,65.1177134986227,104.91399999999999,31.60000000000021,8.152999999999947,5.060999999999973,25129.34100000001,0.20000000000000137,171.2850000000016,12.130000000000082,,2.8099999999999743,77.68999999999954,0.8199999999999947
Turks and Caicos Islands,,37.312,,,,,,,,,,80.21999999999998,
Uganda,70.03413793103468,213.75899999999956,16.399999999999935,2.168000000000006,1.3079999999999958,1697.7070000000033,41.60000000000024,213.33299999999906,2.5,21.22199999999994,0.5,63.369999999999976,0.5440000000000024
Ukraine,62.85005390835588,77.38999999999962,41.39999999999975,16.462000000000142,11.132999999999917,7894.393000000024,0.1000000000000007,539.8489999999964,7.109999999999994,,8.800000000000049,72.06000000000041,0.7789999999999976
United Arab Emirates,51.101435643564464,112.44200000000029,34.0,1.1440000000000046,0.5260000000000036,67293.48299999935,,317.8399999999974,17.26000000000015,,1.1999999999999922,77.97000000000041,0.8899999999999914
United Kingdom,65.51613231552166,272.8980000000008,40.79999999999969,18.516999999999882,12.527000000000037,39753.2440000004,0.2000000000000015,122.13700000000053,4.279999999999977,,2.5399999999999863,81.31999999999977,0.9320000000000016
United States,61.21249999999962,35.608000000000146,38.29999999999971,15.412999999999846,9.731999999999976,54225.4459999999,1.199999999999992,151.08899999999997,10.78999999999997,,2.769999999999987,78.8600000000004,0.9259999999999923
Uruguay,51.15600558659235,19.75100000000014,35.60000000000023,14.655000000000008,10.36099999999997,20551.40899999999,0.10000000000000067,160.70799999999915,6.929999999999986,,2.7999999999999816,77.90999999999987,0.8170000000000026
Uzbekistan,57.70133522727286,76.13399999999928,28.20000000000004,4.469000000000033,2.87300000000002,6253.104000000021,,724.4169999999939,7.570000000000025,,4.0,71.72000000000024,0.7199999999999994
Vanuatu,25.79428571428564,22.661999999999967,23.09999999999995,4.394000000000005,2.620000000000003,2921.9090000000015,13.200000000000028,546.3000000000012,12.019999999999985,25.208999999999957,,70.47000000000006,0.6090000000000004
Vatican,,,,,,,,,,,,75.11999999999979,
Venezuela,84.59245125348147,36.253000000000156,29.0,6.614000000000023,3.91499999999998,16745.021999999943,,204.8499999999998,6.469999999999996,,0.8000000000000054,72.06000000000039,0.7110000000000056
Vietnam,61.12933168316833,308.1269999999969,32.60000000000023,7.150000000000054,4.718000000000027,6171.88400000004,2.0,245.46499999999767,6.0,85.84700000000076,2.6000000000000107,75.40000000000056,0.704000000000003
World,,58.04499999999949,30.89999999999977,8.695999999999943,5.355000000000015,15469.207000000111,10.0,233.07000000000207,8.510000000000087,60.130000000000116,2.7050000000000103,72.58000000000077,0.7370000000000005
Yemen,34.253453453453396,53.50799999999999,20.300000000000118,2.922000000000018,1.5830000000000113,1479.1469999999977,18.80000000000011,495.00299999999766,5.34999999999997,49.541999999999824,0.699999999999996,66.11999999999999,0.46999999999999903
Zambia,46.80455056179795,22.994999999999912,17.699999999999886,2.4800000000000115,1.5419999999999903,3689.251000000001,57.5,234.49900000000042,3.940000000000034,13.938000000000079,2.0,63.88999999999968,0.5840000000000026
Zimbabwe,76.53285310734428,42.72899999999975,19.600000000000115,2.8220000000000023,1.881999999999991,1899.7750000000126,21.399999999999867,307.8460000000015,1.820000000000006,36.7909999999998,1.7000000000000002,61.490000000000265,0.5709999999999984
